{
	"schemaVersion": 1,
	"id": "bulb_flower",
	"version": "${version}",
	"name": "bulb_flower",
	"description": "This is an example description! Tell everyone what your mod is about!",
	"authors": [
		"Me!"
	],
	"contact": {
		"homepage": "https://fabricmc.net/",
		"sources": "https://github.com/FabricMC/fabric-example-mod"
	},
	"license": "CC0-1.0",
	"icon": "assets/bulb_flower/icon.png",
	"environment": "*",
	"entrypoints": {
		"main": [
			"net.t4lcall.bulb_flower.Bulb_flower"
		],
		"fabric-datagen": [
			"net.t4lcall.bulb_flower.Bulb_flowerDataGenerator"
		]
	},
	"mixins": [
		"bulb_flower.mixins.json"
	],
	"depends": {
		"fabricloader": ">=0.14.24",
		"minecraft": "~1.20.2",
		"java": ">=17",
		"fabric-api": "*"
	},
	"suggests": {
		"another-mod": "*"
	}
}